event_id,num_perimeters_0_5h,dt_first_last_0_5h,low_temporal_resolution_0_5h,area_first_ha,area_growth_abs_0_5h,area_growth_rel_0_5h,area_growth_rate_ha_per_h,log1p_area_first,log1p_growth,log_area_ratio_0_5h,relative_growth_0_5h,radial_growth_m,radial_growth_rate_m_per_h,centroid_displacement_m,centroid_speed_m_per_h,spread_bearing_deg,spread_bearing_sin,spread_bearing_cos,dist_min_ci_0_5h,dist_std_ci_0_5h,dist_change_ci_0_5h,dist_slope_ci_0_5h,closing_speed_m_per_h,closing_speed_abs_m_per_h,projected_advance_m,dist_accel_m_per_h2,dist_fit_r2_0_5h,alignment_cos,alignment_abs,cross_track_component,along_track_speed,event_start_hour,event_start_dayofweek,event_start_month,time_to_hit_hours,event,log_dist
10892457,3,4.265188315,0,79.6963044,2.875934607,0.036086173,0.674280804,4.39069278,1.354786823,0.035450318,0.036086173,9.007182413,2.111790089,8.274970757,1.9401185,70.13050741,0.94046923,0.339878841,6166.121596,0.205085268,0.43505155,0.10909975,-0.102000549,0.102000549,-0.43505155,0.072756109,0.886373271,-0.054649077,0.054649077,-1.937219231,-0.106025686,19,4,5,18.89251185,0,8.726987492001587
11757157,2,1.169917662,0,8.946749378,0.0,0.0,0.0,2.297245802,0.0,0.0,0.0,0.0,0.0,0.0,0.0,0.0,0.0,1.0,2930.925956,0.0,0.0,-3.89e-13,0.0,0.0,0.0,0.0,0.0,-0.568898211,0.568898211,0.0,0.0,4,4,6,22.04810801,1,7.983414808935955
11945086,4,4.777526033,0,106.4826377,0.0,0.0,0.0,4.677329325,0.0,0.0,0.0,0.0,0.0,0.0,0.0,0.0,0.0,1.0,3272.37509,0.0,0.0,-1.39e-13,0.0,0.0,0.0,7.97e-14,0.0,0.882385438,0.882385438,0.0,0.0,22,4,8,0.888895483,1,8.09357686921818
12044083,1,0.0,1,67.63112471,0.0,0.0,0.0,4.228746145,0.0,0.0,0.0,0.8299727189619073,0.15404248092861883,0.0,0.23396342600141748,0.0,0.0,1.0,64119.87138,0.0,-0.07205018683090286,-0.00035082864685958746,0.0,0.0,0.0,0.0,0.0,0.0,0.8489644908672906,0.0,0.0,20,5,8,60.95302147,0,11.068525196462714
12052347,2,4.975273027,0,35.63287351,0.0,0.0,0.0,3.600946021,0.0,0.0,0.0,0.0,0.0,0.0,0.0,0.0,0.0,1.0,18005.43226,0.0,0.0,3.66e-13,0.0,0.0,0.0,0.0,0.0,0.934634116,0.934634116,0.0,0.0,21,5,7,44.99027447,0,9.798484320822569
12773599,1,0.0,1,184.7676097,0.0,0.0,0.0,5.224496483,0.0,0.0,0.0,8.49589115879472,3.7520011268439193,22.21401635351153,7.7274567148929405,0.0,0.0,1.0,35232.56297,0.0,-86.72600583992417,-4.439398584263755,15.498176042637182,9.397820500640139,0.0,0.0,0.0,0.0,0.20146318503661076,0.0,0.0,0,5,7,44.02638364,0,10.469754400765952
13122360,1,0.0,1,119.3642031,0.0,0.0,0.0,4.790522173,0.0,0.0,0.0,274.99129333119595,65.16589157274994,110.26809694447692,60.91794010499735,0.0,0.0,1.0,3530.472886,0.0,175.4042587227804,68.58590542480617,0.0,0.0,0.0,0.0,0.0,0.0,0.1617696703070228,0.0,0.0,21,1,3,14.84539185,1,8.169470311062176
13745272,1,0.0,1,1388.283778,0.0,0.0,0.0,7.236543626,0.0,0.0,0.0,132.02094214290835,44.47688738964532,349.58785697154804,55.80032442681069,0.0,0.0,1.0,8038.691359,0.0,-238.94662276314753,-34.5057842287636,41.925510328868725,88.39913381241907,0.0,0.0,0.0,0.0,0.1499424831641338,0.0,0.0,16,0,6,66.76792704,0,8.992145973252088
15247236,2,1.892775762,0,4.493970165,0.0,0.0,0.0,1.703651157,0.0,0.0,0.0,0.0,0.0,0.0,0.0,0.0,0.0,1.0,31758.58114,0.0,0.0,0.0,0.0,0.0,0.0,0.0,0.0,0.106322185,0.106322185,0.0,0.0,18,5,8,39.91263007,0,10.365949726986953
15743535,1,0.0,1,5.218524435,0.0,0.0,0.0,1.82753265,0.0,0.0,0.0,0.0,0.0,0.0,0.0,0.0,0.0,1.0,1995.042356,0.0,9.853169798833623,2.30467909781238,0.0,0.0,0.0,0.0,0.0,0.0,0.6900166052790235,0.0,0.0,17,2,7,54.63810941,1,7.598921677087141
15846088,1,0.0,1,634.4801393,0.0,0.0,0.0,6.454380838,0.0,0.0,0.0,3.851181135843676,2.1649036709019214,6.217836980796481,0.3333782273490352,0.0,0.0,1.0,260304.5127,0.0,-0.24092392731786882,-0.05851209162528163,0.04303314899918544,0.3872742818961443,0.0,0.0,0.0,0.0,0.9972498099102737,0.0,0.0,21,3,8,66.64396895,0,12.469611269014258
16870867,1,0.0,1,117.2198902,0.0,0.0,0.0,4.772546367,0.0,0.0,0.0,24.369827851429964,4.863379620498507,22.2348207169676,7.1467695337566095,0.0,0.0,1.0,2702.951028,0.0,21.589138093561793,3.871743258535743,0.0,8.78241174104684,0.0,0.0,0.0,0.0,0.8256506229261079,0.0,0.0,22,1,7,15.92468789,1,7.902469326052104
17127751,1,0.0,1,17.34201326,0.0,0.0,0.0,2.909194235,0.0,0.0,0.0,0.0,0.0,0.0,0.0,0.0,0.0,1.0,4262.34909,0.0,16.624664083351497,4.749360417910676,0.0,0.7398838932814864,0.0,0.0,0.0,0.0,0.9440339164474568,0.0,0.0,22,3,7,10.90745899,1,8.357810301754087
17735080,1,0.0,1,49.25825835,0.0,0.0,0.0,3.917174879,0.0,0.0,0.0,6.652272599060519,0.0,14.018145434827801,2.5326636362397363,0.0,0.0,1.0,482691.6929,0.0,-0.005944340822592219,0.0032422445206139023,0.0,0.0,0.0,0.0,0.0,0.0,0.6977631155005003,0.0,0.0,23,6,3,18.28046528,0,13.087135483560107
17888481,1,0.0,1,36.6834593,0.0,0.0,0.0,3.629221253,0.0,0.0,0.0,0.0,0.0,0.0,0.12280333244358901,0.0,0.0,1.0,300641.4205,0.0,-0.07205018683090286,0.001512908510869989,0.0012973486968952475,0.0,0.0,0.0,0.0,0.0,1.0,0.0,0.0,21,1,9,55.46434273,0,12.613676865772412
18032557,1,0.0,1,1749.278716,0.0,0.0,0.0,7.467530321,0.0,0.0,0.0,121.31621128377631,39.85088361557472,290.34973424080573,38.020756542033695,0.0,0.0,1.0,54957.2035,0.0,-0.24092392731786882,-0.1778401505393265,0.041061095158192534,88.30410375370688,0.0,0.0,0.0,0.0,0.7493188875683108,0.0,0.0,20,2,6,64.56748538,0,10.914328238952962
18104294,1,0.0,1,147.3579248,0.0,0.0,0.0,4.999627765,0.0,0.0,0.0,12.529091904450002,7.740779626500617,30.90473650280137,16.192023796887575,0.0,0.0,1.0,1742.764246,0.0,10.447158403296047,4.334935471128437,0.0,4.253909281289023,0.0,0.0,0.0,0.0,0.743560244540318,0.0,0.0,14,1,9,23.84384341,1,7.463801415285407
18150961,2,3.003965944,0,9.167085205,0.0,0.0,0.0,2.319155562,0.0,0.0,0.0,0.0,0.0,0.0,0.0,0.0,0.0,1.0,2965.217571,0.0,0.0,-1.51e-13,0.0,0.0,0.0,0.0,0.0,0.953682474,0.953682474,0.0,0.0,17,3,7,3.534845605,1,7.99504287503113
18292206,12,4.865635108,0,25.21905773,20.26269337,0.803467504,4.164449846,3.266486541,3.056954052,0.589711185,0.803467504,97.16235777,19.96910077,169.3156525,34.79826349,60.41243838,0.869602139,0.493753096,1135.260951,0.0,0.0,3.44e-13,0.0,0.0,0.0,-1.58e-13,0.0,0.437704344,0.437704344,31.28777854,15.2313511,22,6,8,5.81815958,1,7.035498283289029
18475932,1,0.0,1,3638.729983,0.0,0.0,0.0,8.199664777,0.0,0.0,0.0,92.45499087561062,25.236224374385714,213.3669159745491,22.714166530796827,0.0,0.0,1.0,495662.4937,0.0,-0.24092392731786882,-0.05851209162528163,0.04303314899918544,88.26861122585626,0.0,0.0,0.0,0.0,0.8782509058351379,0.0,0.0,23,0,4,66.42810308,0,13.113652535341453
18522515,1,0.0,1,1255.878023,0.0,0.0,0.0,7.136386166,0.0,0.0,0.0,31.4777871332404,16.32388226649697,77.84079481466456,14.54663854061503,0.0,0.0,1.0,7223.986277,0.0,-0.7937102940687593,-0.18806425287361694,0.09075536741148132,0.38859945219533765,0.0,0.0,0.0,0.0,0.6800899972316914,0.0,0.0,21,5,8,37.39476051,0,8.885300613601666
18675176,1,0.0,1,133.1892338,0.0,0.0,0.0,4.899250996,0.0,0.0,0.0,0.0,0.0,0.0,0.0412549539469997,0.0,0.0,1.0,34605.5164,0.0,0.1606490884794984,0.02280342990070315,0.0,0.0,0.0,0.0,0.0,0.0,0.5328147614872962,0.0,0.0,23,4,7,24.17249952,0,10.451797278573073
19306260,1,0.0,1,71.41059639,0.0,0.0,0.0,4.282352648,0.0,0.0,0.0,0.5619951354241146,0.27317367264696735,0.5450043891166183,0.22669573948097538,0.0,0.0,1.0,45739.22238,0.0,-0.07205018683090286,-0.00035082864685958746,0.0,0.0,0.0,0.0,0.0,0.0,0.15069418309608215,0.0,0.0,18,3,7,66.44223063,0,10.730733329392676
19552816,1,0.0,1,323.0736768,0.0,0.0,0.0,5.780970887,0.0,0.0,0.0,59.3297536877609,17.28074580664527,175.20967756488474,28.448242124189274,0.0,0.0,1.0,754124.4345,0.0,-170.77011671786252,-22.824307659085246,27.003470160599704,74.73269299707539,0.0,0.0,0.0,0.0,0.4834063628238157,0.0,0.0,2,2,3,61.26587258,0,13.533313991907326
19771815,7,4.308694649,0,193.3111833,35.32125262,0.182717068,8.197669016,5.269460912,3.592403042,0.167814391,0.182717068,68.65945778,15.93509482,45.71640554,10.61026814,132.6570115,0.735423206,-0.677608079,2617.383508,14.24309673,40.70303923,4.406513573,-9.446721697,9.446721697,-40.70303923,10.50067698,0.168120231,-0.888016811,0.888016811,-4.87871785,-9.422096478,8,3,8,0.523763411,1,7.870312424664233
20307683,1,0.0,1,37.72642641,0.0,0.0,0.0,3.65652222,0.0,0.0,0.0,0.5217790762134935,0.10590700270468872,1.7443254445010399,0.0,0.0,0.0,1.0,756438.2813,0.0,-0.07205018683090286,0.001512908510869989,0.0,0.018273511364094924,0.0,0.0,0.0,0.0,0.5211123322996668,0.0,0.0,21,1,3,57.64380657,0,13.536377546332355
20620516,9,4.994457123,0,106.4877065,53.8626524,0.505810991,10.7844859,4.677376483,4.004832833,0.409331614,0.505810991,132.2270894,26.47476715,450.4176981,90.18351485,95.74262729,0.994981402,-0.10006003,1784.174351,100.3574533,212.8903073,56.83809874,-42.62531484,42.62531484,-212.8903073,9.809666189,0.54293779,-0.373890171,0.373890171,83.64277382,-33.71872977,19,2,7,1.397969324,1,7.4872713650740375
20698681,1,0.0,1,424.7882203,0.0,0.0,0.0,6.053942087,0.0,0.0,0.0,21.5291666429406,5.292868274492712,34.431906472649686,8.631900083609784,0.0,0.0,1.0,2684.938303,0.0,37.99062950354708,-0.5511165590144844,0.0,9.848055472532891,0.0,0.0,0.0,0.0,0.6364802304449496,0.0,0.0,22,2,5,2.564439619,1,7.8957854069757385
21481903,1,0.0,1,515.4908094,0.0,0.0,0.0,6.247057494,0.0,0.0,0.0,303.91200235573643,58.398357071467125,307.507265770312,74.33227289443606,0.0,0.0,1.0,123439.3395,0.0,-334.99964618853375,-76.5426393508844,65.7152876835066,5.047821062385401,0.0,0.0,0.0,0.0,0.7562215637246588,0.0,0.0,1,5,8,62.8166641,0,11.723513237357304
21530188,1,0.0,1,2300.009048,0.0,0.0,0.0,7.741103022,0.0,0.0,0.0,20.495933547657536,8.074730974752878,92.42012733506215,18.27755174902055,0.0,0.0,1.0,168375.4595,0.0,-238.94662276314753,-34.5057842287636,41.925510328868725,0.5027142443807521,0.0,0.0,0.0,0.0,0.900396556151015,0.0,0.0,16,5,8,48.92529547,0,12.033957581826545
21692904,4,4.814281675,0,255.035402,0.0,0.0,0.0,5.545315724,0.0,0.0,0.0,0.0,0.0,0.0,0.0,0.0,0.0,1.0,2429.801581,0.0,0.0,-6.41e-14,0.0,0.0,0.0,-4.65e-14,0.0,0.991633788,0.991633788,0.0,0.0,19,1,9,0.584172862,1,7.795976350664148
22577693,2,3.901123272,0,65.5204179,0.0,0.0,0.0,4.197508937,0.0,0.0,0.0,0.0,0.0,0.0,0.0,0.0,0.0,1.0,1315.955435,0.0,0.0,-2.91e-14,0.0,0.0,0.0,0.0,0.0,0.574469574,0.574469574,0.0,0.0,6,3,6,5.458663007,1,7.183077862901961
22620173,1,0.0,1,17.77225088,0.0,0.0,0.0,2.932379762,0.0,0.0,0.0,0.0,0.0,1.2461722413764291,0.0,0.0,0.0,1.0,2035.178565,0.0,-5.444049277827653,-1.6704108279532346,0.9963258697083776,0.0,0.0,0.0,0.0,0.0,0.5700562029244506,0.0,0.0,19,6,8,37.61671081,1,7.618830077655699
22622416,1,0.0,1,215.7885081,0.0,0.0,0.0,5.378922261,0.0,0.0,0.0,0.0,0.0,0.0,0.0,0.0,0.0,1.0,281070.0072,0.0,23.062022538416077,0.024667167058432728,0.0,6.270294146554512,0.0,0.0,0.0,0.0,0.957394766499053,0.0,0.0,22,3,7,66.2710855,0,12.546362611055885
23007167,1,0.0,1,3316.037397,0.0,0.0,0.0,8.106827313,0.0,0.0,0.0,31.999223830620746,16.612625376369593,82.54056849166389,10.898584644309251,0.0,0.0,1.0,73004.06017,0.0,-0.24092392731786882,-0.1778401505393265,0.041061095158192534,0.5157494421576668,0.0,0.0,0.0,0.0,0.7545378854495752,0.0,0.0,19,4,7,63.71642466,0,11.198284035125448
23708068,1,0.0,1,29.92427021,0.0,0.0,0.0,3.431541319,0.0,0.0,0.0,29.15208511841639,2.0940246249761256,39.99726802622388,7.2834380335223505,0.0,0.0,1.0,125950.4087,0.0,-0.07205018683090286,-0.00035082864685958746,0.0,0.06738560752797963,0.0,0.0,0.0,0.0,0.7599781058649548,0.0,0.0,20,3,6,18.80461026,0,11.74365146631527
23886014,1,0.0,1,845.1139642,0.0,0.0,0.0,6.74065406,0.0,0.0,0.0,17.184638379204543,2.952327737713515,18.002297997989167,6.765952710953236,0.0,0.0,1.0,3222.856454,0.0,28.556773927035728,11.887297191310775,0.0,9.885294202842449,0.0,0.0,0.0,0.0,0.7398911222468,0.0,0.0,18,3,7,3.211343435,1,8.07833357844174
24491699,1,0.0,1,14.9573065,0.0,0.0,0.0,2.769916812,0.0,0.0,0.0,0.0,0.0,0.0,0.0,0.0,0.0,1.0,2582.868335,0.0,2.6381649644364398,2.041926047218083,0.0,0.18244230876331188,0.0,0.0,0.0,0.0,0.9603910117869985,0.0,0.0,2,0,7,14.72813988,1,7.857042909656927
24514437,1,0.0,1,396.0462875,0.0,0.0,0.0,5.984052867,0.0,0.0,0.0,275.65008896381624,47.633440977678234,256.7670722361356,66.73859474496633,0.0,0.0,1.0,299438.3618,0.0,-334.99964618853375,-76.42331129197035,65.7152876835066,24.505549106899075,0.0,0.0,0.0,0.0,0.8749092971097235,0.0,0.0,0,2,8,66.40391279,0,12.609667211264258
24870571,1,0.0,1,3434.827782,0.0,0.0,0.0,8.14201316,0.0,0.0,0.0,31.60757498039618,16.46371638708493,77.7166423148335,10.898584644309251,0.0,0.0,1.0,40011.74105,0.0,-0.24092392731786882,-0.1778401505393265,0.041061095158192534,0.38115284834829694,0.0,0.0,0.0,0.0,0.5840360855391808,0.0,0.0,20,3,7,65.68965437,0,10.596953208627356
24959246,1,0.0,1,20.17062655,0.0,0.0,0.0,3.052614681,0.0,0.0,0.0,0.0,0.0,0.0,0.0,0.0,0.0,1.0,255528.74,0.0,-0.07205018683090286,0.001512908510869989,0.0,0.0,0.0,0.0,0.0,0.0,0.8320131194890606,0.0,0.0,18,4,8,66.44899791,0,12.451094081069254
25027537,3,4.256380719,0,22.44041287,0.28789224,0.012829186,0.067637803,3.154461579,0.253006959,0.012747589,0.012829186,1.708926354,0.401497532,0.522577584,0.122775104,192.8720702,-0.222774925,-0.974869905,15398.26074,0.008423523,0.01786899,0.004518623,-0.004198165,0.004198165,-0.01786899,0.002799252,0.917414799,-0.036130785,0.036130785,-0.12269494,-0.004435961,2,0,6,11.25434434,0,9.642074783353392
25766655,3,3.798553041,0,35.11873173,13.09095654,0.372762793,3.446300841,3.586811615,2.645533211,0.316825339,0.372762793,57.39013944,15.10842124,128.1182149,33.72816267,107.20295,0.955263136,-0.295757234,2622.152614,41.97214273,89.03636024,25.22867172,-23.43954639,23.43954639,-89.03636024,17.51390834,0.91738632,-0.679881509,0.679881509,-24.73360321,-22.93115412,22,6,6,1.475231022,1,7.872132161170877
25909534,7,2.336493922,0,12.10249446,0.001296169,0.000107099,0.00055475,2.572802629,0.00129533,0.000107094,0.000107099,0.01051012,0.004498244,0.059484046,0.025458678,102.3229252,0.976960259,-0.213421304,4495.637587,0.019515121,-0.055769104,-0.008527466,0.023868714,0.023868714,0.055769104,-0.067844278,0.104229244,0.937066632,0.937066632,0.008888912,0.023856478,22,2,8,1.992963737,1,8.411085193574309
26151072,1,0.0,1,1682.296667,0.0,0.0,0.0,7.428509452,0.0,0.0,0.0,382.13409541623264,70.27647125001316,401.45448022589244,64.77584427757121,0.0,0.0,1.0,2832.952535,0.0,-440.73193509116334,-132.2909009261544,100.0,100.0,0.0,0.0,0.0,0.0,0.5140583108892063,0.0,0.0,16,6,8,4.443049116,1,7.949427671698231
26429413,2,4.017882953,0,73.4086868,0.0,0.0,0.0,4.309572693,0.0,0.0,0.0,0.0,0.0,0.0,0.0,0.0,0.0,1.0,23677.41352,0.0,0.0,-9.05e-13,0.0,0.0,0.0,0.0,0.0,-0.204216877,0.204216877,0.0,0.0,23,1,6,12.82117832,0,10.072319090131947
26940253,1,0.0,1,1132.269317,0.0,0.0,0.0,7.032861935,0.0,0.0,0.0,3.7305661594512456,2.033188617043313,5.72589573615504,0.3333782273490352,0.0,0.0,1.0,210184.4636,0.0,-0.24092392731786882,-0.05851209162528163,0.04303314899918544,0.3768860721406431,0.0,0.0,0.0,0.0,0.9557047542576319,0.0,0.0,22,5,7,59.77084045,0,12.255745579943275
27517432,1,0.0,1,16.72792353,0.0,0.0,0.0,2.875140997,0.0,0.0,0.0,0.0,0.0,1.2461722413764291,0.0,0.0,0.0,1.0,2116.539325,0.0,-173.22759716330717,-74.34704898274073,19.192266774163272,0.0,0.0,0.0,0.0,0.0,0.8429762452836245,0.0,0.0,20,2,8,1.577859773,1,7.658009997782334
27991695,1,0.0,1,6319.918369,0.0,0.0,0.0,8.751619788,0.0,0.0,0.0,40.58719595033768,20.35982778213772,133.85195833754503,28.815094654319317,0.0,0.0,1.0,67098.627,0.0,-238.94662276314753,-34.487693661659556,41.925510328868725,0.47877575152750934,0.0,0.0,0.0,0.0,0.7183613375290574,0.0,0.0,1,0,7,60.31399018,0,11.113933764076961
28132196,1,0.0,1,316.0503277,0.0,0.0,0.0,5.759060524,0.0,0.0,0.0,0.0,0.0,21.03810568221559,10.916284249131413,0.0,0.0,1.0,263598.9583,0.0,-170.77011671786252,-22.824307659085246,27.003470160599704,6.32197514595548,0.0,0.0,0.0,0.0,0.8749092971097235,0.0,0.0,1,4,8,61.48176814,0,12.482187923416243
28212683,5,4.958128295,0,3.74205773,0.0,0.0,0.0,1.556471162,0.0,0.0,0.0,0.0,0.0,0.0,0.0,0.0,0.0,1.0,390952.4411,0.0,0.0,-1.6e-11,0.0,0.0,0.0,4.28e-11,0.0,-0.849087272,0.849087272,0.0,0.0,19,3,8,47.99702154,0,12.876343755406749
30421787,1,0.0,1,40.08330372,0.0,0.0,0.0,3.715601804,0.0,0.0,0.0,0.0,0.3327199338844798,0.0,0.09634668465888767,0.0,0.0,1.0,254943.4745,0.0,0.03269511729601768,-0.03349954282705318,0.0,0.0,0.0,0.0,0.0,0.0,0.8766651791768352,0.0,0.0,3,4,8,65.0849293,0,12.448801053371406
31054513,1,0.0,1,758.0770495,0.0,0.0,0.0,6.632103287,0.0,0.0,0.0,13.460547970310163,6.374357809229166,61.92692056476689,18.249888237359087,0.0,0.0,1.0,261138.9985,0.0,-238.94662276314753,-34.36836560274551,41.925510328868725,0.49170420781093305,0.0,0.0,0.0,0.0,0.8742579245620159,0.0,0.0,1,3,8,66.29603577,0,12.472811935217985
31560147,2,0.338524544,1,0.346640246,0.0,0.0,0.0,0.297612784,0.0,0.0,0.0,0.0,0.0,9.401853465047488,2.1242723156412553,0.0,0.0,1.0,1883.107972,0.0,-155.8242034144991,-70.75373407969039,16.20330197926463,0.0,0.0,0.0,0.0,0.003611314,0.617953843723271,0.0,0.0,20,0,6,13.65678696,1,7.5412097634729225
31948591,1,0.0,1,1135.608316,0.0,0.0,0.0,7.035803945,0.0,0.0,0.0,132.59560688441437,40.497099284818184,297.96056199309044,38.48200725825217,0.0,0.0,1.0,99977.90036,0.0,-0.24092392731786882,-0.1778401505393265,0.041061095158192534,88.42263774743047,0.0,0.0,0.0,0.0,0.6742052376825999,0.0,0.0,18,0,4,21.07246216,0,11.512714446307356
32093256,1,0.0,1,46.6042515,0.0,0.0,0.0,3.862922074,0.0,0.0,0.0,17.241578290563353,3.9448019709817097,34.85582812186164,15.455112498082881,0.0,0.0,1.0,72614.64562,0.0,0.03269511729601768,-0.03536327998478277,0.0,0.0,0.0,0.0,0.0,0.0,0.714140680162174,0.0,0.0,5,0,7,66.13177204,0,11.192935682002862
33502571,1,0.0,1,1686.850917,0.0,0.0,0.0,7.431211352,0.0,0.0,0.0,66.58928516349945,21.726404819358667,168.24296349123549,35.670374737094356,0.0,0.0,1.0,124717.0384,0.0,-238.94662276314753,-34.487693661659556,41.925510328868725,0.4940697190631394,0.0,0.0,0.0,0.0,0.7555701911769511,0.0,0.0,2,5,8,61.79932206,0,11.733810775577183
33928266,1,0.0,1,6.301274202,0.0,0.0,0.0,1.988048881,0.0,0.0,0.0,4.321093111135652,0.5972400546167246,1.0056873303764557,0.0,0.0,0.0,1.0,2670.51616,0.0,5.285762933506322,2.750688711199952,0.0,1.4682565184345495,0.0,0.0,0.0,0.0,0.3964149836525939,0.0,0.0,0,3,7,14.47369829,1,7.890401440415653
34027802,1,0.0,1,515.0204724,0.0,0.0,0.0,6.24614644,0.0,0.0,0.0,304.1993980711231,58.63321599624726,312.5995632671703,74.35993640609752,0.0,0.0,1.0,139177.6806,0.0,-334.99964618853375,-76.60944897860162,65.7152876835066,5.081700721776587,0.0,0.0,0.0,0.0,0.8950520441596235,0.0,0.0,16,0,9,62.86164433,0,11.84351385854359
34501712,1,0.0,1,38.21645907,0.0,0.0,0.0,3.669096533,0.0,0.0,0.0,0.0,0.0,0.0,0.0,0.0,0.0,1.0,21807.3387,0.0,-0.07205018683090286,-0.00035082864685958746,0.0,0.000392000888024434,0.0,0.0,0.0,0.0,0.44126841390859195,0.0,0.0,19,6,8,39.96354986,0,9.990047684813508
34889301,3,3.91346827,0,538.8039593,0.0,0.0,0.0,6.291206035,0.0,0.0,0.0,0.0,0.0,0.0,0.0,0.0,0.0,1.0,1187.206573,0.0,0.0,-4.12e-14,0.0,0.0,0.0,0.0,0.0,-0.039724922,0.039724922,0.0,0.0,22,3,8,0.064360955,1,7.080200367803327
34908295,1,0.0,1,298.4864311,0.0,0.0,0.0,5.702069111,0.0,0.0,0.0,0.0,0.0,0.0,0.0,0.0,0.0,1.0,476870.4105,0.0,0.4391365156775391,0.004185154685153232,0.0,6.202251252505061,0.0,0.0,0.0,0.0,0.9561383162900022,0.0,0.0,21,0,7,63.96079637,0,13.075002153862778
34940889,5,4.088955947,0,58.19741306,0.0,0.0,0.0,4.080877843,0.0,0.0,0.0,0.0,0.0,0.0,0.0,0.0,0.0,1.0,2009.240815,0.0,0.0,3.13e-13,0.0,0.0,0.0,-7.51e-13,0.0,-0.395497807,0.395497807,0.0,0.0,19,0,8,0.001220212,1,7.6060098023343725
35324503,1,0.0,1,177.0120725,0.0,0.0,0.0,5.181851371,0.0,0.0,0.0,9.155517592557104,3.7520011268439193,22.21401635351153,7.7274567148929405,0.0,0.0,1.0,61570.97752,0.0,-86.72600583992417,-4.439398584263755,15.498176042637182,9.358403569874984,0.0,0.0,0.0,0.0,0.719012710076765,0.0,0.0,3,3,8,65.57716616,0,11.02796213562888
35610300,1,0.0,1,100.993642,0.0,0.0,0.0,4.624910478,0.0,0.0,0.0,0.0,0.0,0.0,0.0,0.0,0.0,1.0,219692.3611,0.0,0.1606490884794984,0.025729839011922495,0.0,0.0,0.0,0.0,0.0,0.0,0.9514840968907485,0.0,0.0,22,2,8,66.05308406,0,12.299988039891549
35949465,1,0.0,1,21.1305803,0.0,0.0,0.0,3.096960376,0.0,0.0,0.0,0.0,0.0,0.0,0.1240101963203471,0.0,0.0,1.0,282251.3769,0.0,0.03269511729601768,-0.05574634004422109,0.0,0.0,0.0,0.0,0.0,0.0,0.9934917405801897,0.0,0.0,12,0,9,64.61591896,0,12.5505569032342
36527758,1,0.0,1,2.593503351,0.0,0.0,0.0,1.27912759,0.0,0.0,0.0,2.183159150954489,0.5336759457512662,1.8294025034945463,0.5619799884600498,0.0,0.0,1.0,13897.58478,0.0,-0.11005046013079618,0.07171144723098749,0.0012973486968952475,0.0434756437535997,0.0,0.0,0.0,0.0,0.3630488976274298,0.0,0.0,21,3,6,15.94961287,0,9.539542299546858
36999334,1,0.0,1,3.061807927,0.0,0.0,0.0,1.401628177,0.0,0.0,0.0,0.07336975513248127,0.0,1.238164191122413,0.3508071411480036,0.0,0.0,1.0,8724.627646,0.0,0.03269511729601768,-0.011324281432605382,0.0,0.0,0.0,0.0,0.0,0.0,0.25740983394445627,0.0,0.0,0,5,8,61.0719374,0,9.07401968098762
37136049,1,0.0,1,407.2885328,0.0,0.0,0.0,6.011974113,0.0,0.0,0.0,319.36062135136183,59.236990366156654,319.2802345358733,71.92969886228447,0.0,0.0,1.0,149724.4636,0.0,-163.79039295499362,-53.72336994344695,38.65324100094879,24.411060347522238,0.0,0.0,0.0,0.0,0.8387070331139882,0.0,0.0,22,2,7,66.03053782,0,11.916558653471165
37780023,1,0.0,1,633.5757465,0.0,0.0,0.0,6.45295666,0.0,0.0,0.0,131.22803249360697,44.454507695324345,346.4850502635174,55.93726655204374,0.0,0.0,1.0,94772.87409,0.0,-238.94662276314753,-34.487693661659556,41.925510328868725,88.38566405680031,0.0,0.0,0.0,0.0,0.6919320963553708,0.0,0.0,0,3,6,66.20297957,0,11.459249060493342
38112926,1,0.0,1,90.71794899,0.0,0.0,0.0,4.518718096,0.0,0.0,0.0,8.485840568330293,3.863872207012131,15.914345593830175,6.7486693791141725,0.0,0.0,1.0,260353.7685,0.0,0.19928854659810827,-0.02801272665250078,0.0,0.0,0.0,0.0,0.0,0.0,0.8700372671951325,0.0,0.0,5,6,8,65.02322653,0,12.46980047415214
38412292,1,0.0,1,56.17910389,0.0,0.0,0.0,4.046188515,0.0,0.0,0.0,9.575516124883583,3.91481345991533,17.744152341172306,8.061101295026711,0.0,0.0,1.0,55358.11567,0.0,0.03269511729601768,-0.03536327998478277,0.0,0.0,0.0,0.0,0.0,0.0,0.714140680162174,0.0,0.0,2,0,7,66.57004031,0,10.921596615994888
38909367,6,4.800517813,0,0.590399526,0.030236834,0.051214191,0.006298661,0.463985259,0.029788712,0.049945786,0.051214191,1.096230114,0.228356639,1.607917859,0.334946754,45.82741426,0.717244097,0.696822004,68906.90839,0.477326057,1.280800647,0.222161586,-0.266804686,0.266804686,-1.280800647,0.348412236,0.545180992,-0.797194403,0.797194403,-0.202214954,-0.267017678,22,2,7,1.286129994,0,11.140526231111611
39324200,1,0.0,1,1920.875526,0.0,0.0,0.0,7.561056824,0.0,0.0,0.0,91.69742169472943,25.00880807511229,217.9539160180368,27.692144452672405,0.0,0.0,1.0,430518.1306,0.0,-0.24092392731786882,-0.05851209162528163,0.041061095158192534,88.27565616755244,0.0,0.0,0.0,0.0,0.7630192182625444,0.0,0.0,20,5,2,49.5517386,0,12.972747039957818
39687487,2,1.424188072,0,2.011464239,0.0,0.0,0.0,1.102426419,0.0,0.0,0.0,0.0,0.0,0.0,0.0,0.0,0.0,1.0,2653.801642,0.0,0.0,0.0,0.0,0.0,0.0,0.0,0.0,0.488863685,0.488863685,0.0,0.0,19,0,9,0.743441951,1,7.884125219773914
39841201,1,0.0,1,53.13394041,0.0,0.0,0.0,3.991461353,0.0,0.0,0.0,6.834365622829982,0.0,11.757089574921112,2.7734513551786453,0.0,0.0,1.0,167002.9619,0.0,-0.005944340822592219,0.0013785073628843256,0.0012973486968952475,0.0,0.0,0.0,0.0,0.0,0.9373597218229365,0.0,0.0,23,2,7,66.01104327,0,12.02577281506958
40086180,1,0.0,1,1769.247929,0.0,0.0,0.0,7.478874889,0.0,0.0,0.0,40.28807862616248,20.15783877385105,136.3904867691051,28.703015003300262,0.0,0.0,1.0,6468.176086,0.0,-238.94662276314753,-34.491190371368816,41.923654774102936,0.507539474681897,0.0,0.0,0.0,0.0,0.6845171925485071,0.0,0.0,13,1,9,28.60549494,0,8.774804035645703
40504901,1,0.0,1,4518.738109,0.0,0.0,0.0,8.416209331,0.0,0.0,0.0,92.08907054495403,25.284743953571486,221.64590509031123,27.758197890008052,0.0,0.0,1.0,539570.734,0.0,-0.24092392731786882,-0.05851209162528163,0.041061095158192534,88.37860749656504,0.0,0.0,0.0,0.0,0.4368580182501704,0.0,0.0,18,5,3,66.96691892,0,13.198531018696839
41218264,2,4.581183654,0,273.618703,0.0,0.0,0.0,5.615383601,0.0,0.0,0.0,0.0,0.0,0.0,0.0,0.0,0.0,1.0,5451.050457,0.0,0.0,0.0,0.0,0.0,0.0,0.0,0.0,-0.556560407,0.556560407,0.0,0.0,23,5,7,18.80777346,0,8.603747047542491
41274865,1,0.0,1,1668.034139,0.0,0.0,0.0,7.420000378,0.0,0.0,0.0,13.07448790091433,5.898428143443839,61.108475265781074,18.486482564958045,0.0,0.0,1.0,597082.5931,0.0,-238.94662276314753,-34.36836560274551,41.925510328868725,0.4626686543370406,0.0,0.0,0.0,0.0,0.6155895782809702,0.0,0.0,5,3,7,54.5506737,0,13.299812404515631
42563089,1,0.0,1,38.88046425,0.0,0.0,0.0,3.685886586,0.0,0.0,0.0,1.9158083348338775,0.6396220443748721,0.0,0.59823471592621,0.0,0.0,1.0,86440.83455,0.0,-0.07205018683090286,-0.00035082864685958746,0.0012973486968952475,0.0026941231450968058,0.0,0.0,0.0,0.0,0.8790045488311532,0.0,0.0,21,0,8,39.92113361,0,11.367227033787557
42731036,1,0.0,1,6.801548077,0.0,0.0,0.0,2.054322185,0.0,0.0,0.0,0.0,0.0,9.609943215512736,3.771314484257989,0.0,0.0,1.0,2283.942367,0.0,12.875956494188582,2.942645543082461,0.0,0.0,0.0,0.0,0.0,0.0,0.6716167721395209,0.0,0.0,17,1,4,66.92046277,1,7.734096080690742
42751447,1,0.0,1,3216.554584,0.0,0.0,0.0,8.076376904,0.0,0.0,0.0,20.04945707730754,7.839872049972739,87.32782983820387,18.249888237359087,0.0,0.0,1.0,172781.1401,0.0,-238.94662276314753,-34.487693661659556,41.925510328868725,0.47641024027530304,0.0,0.0,0.0,0.0,0.8707632433301621,0.0,0.0,2,1,7,65.62142259,0,12.059786774107724
44291860,1,0.0,1,455.8220619,0.0,0.0,0.0,6.124293954,0.0,0.0,0.0,280.1297149805544,54.35220399273232,255.58244483766185,53.53215852330169,0.0,0.0,1.0,22067.16189,0.0,-131.138155884405,-48.170129044484135,28.23401825675471,12.54194856491587,0.0,0.0,0.0,0.0,0.3266233299364487,0.0,0.0,18,6,7,64.50388346,0,10.001891210326987
46217176,1,0.0,1,1109.141799,0.0,0.0,0.0,7.012243033,0.0,0.0,0.0,40.2720403713309,20.50951128916654,138.27526565523252,28.678152529086283,0.0,0.0,1.0,21105.90497,0.0,-238.94662276314753,-34.5057842287636,41.925510328868725,0.5118867783685349,0.0,0.0,0.0,0.0,0.40107734245103166,0.0,0.0,16,2,8,66.48903373,0,9.957355515692667
46826716,11,4.854042509,0,217.8386455,15.47132877,0.071021966,3.187308051,5.38833468,2.801621219,0.0686133,0.071021966,29.06308654,5.987398439,53.36513749,10.99395759,73.72103334,0.95990826,0.280314344,1067.998088,0.0,0.0,-1.46e-13,0.0,0.0,0.0,2.31e-13,0.0,0.739068013,0.739068013,-7.405868593,8.12528239,22,5,6,0.13031962,1,6.974477122435981
46976428,1,0.0,1,23.01278062,0.0,0.0,0.0,3.178586214,0.0,0.0,0.0,27.353380497551417,1.7502382240086227,35.24810098835028,8.77938410762914,0.0,0.0,1.0,131901.5163,0.0,0.03269511729601768,-0.03536327998478277,0.0,0.0,0.0,0.0,0.0,0.0,0.7359735267601599,0.0,0.0,1,1,8,65.19984843,0,11.789818415854748
47422636,1,0.0,1,40.62991072,0.0,0.0,0.0,3.728818917,0.0,0.0,0.0,27.353380497551417,1.7502382240086227,35.24810098835028,8.215816436802486,0.0,0.0,1.0,126187.1077,0.0,0.03269511729601768,-0.03536327998478277,0.0,0.0,0.0,0.0,0.0,0.0,0.7579774457917704,0.0,0.0,0,5,8,58.53215086,0,11.745528990893028
47616223,1,0.0,1,1101.486331,0.0,0.0,0.0,7.005323209,0.0,0.0,0.0,130.67433693309897,44.454507695324345,346.4850502635174,55.93726655204374,0.0,0.0,1.0,85785.07088,0.0,-238.94662276314753,-34.487693661659556,41.925510328868725,88.38566405680031,0.0,0.0,0.0,0.0,0.7224495973874445,0.0,0.0,3,3,5,66.18994639,0,11.359611928240886
47633923,3,4.980695936,0,165.6498632,15.03255061,0.090748947,3.018162682,5.115894984,2.774621068,0.086864567,0.090748947,32.23284239,6.471553936,48.59405338,9.756478613,290.1392524,-0.938858596,0.344302973,2783.958286,18.46733374,39.17513075,8.39669284,-7.86539296,7.86539296,-39.17513075,4.872141171,0.879792275,-0.801554871,0.801554871,-5.833605624,-7.820352955,23,3,6,3.209417225,1,7.931988174152264
48888338,1,0.0,1,2246.589531,0.0,0.0,0.0,7.717613602,0.0,0.0,0.0,41.66341828521264,21.01280336536347,148.20855221499002,39.99489483977026,0.0,0.0,1.0,32619.072,0.0,-339.6297440837089,-42.3778906843637,70.05967191154552,0.5262976167462344,0.0,0.0,0.0,0.0,0.23044512530975622,0.0,0.0,17,2,8,42.30580722,0,10.392683083407395
48971236,1,0.0,1,34.08259108,0.0,0.0,0.0,3.557705027,0.0,0.0,0.0,1.1517553997466468,0.2203865518674741,0.0,0.497679744329538,0.0,0.0,1.0,64859.49182,0.0,-0.07205018683090286,-0.00035082864685958746,0.0012973486968952475,0.0,0.0,0.0,0.0,0.0,0.8790045488311532,0.0,0.0,21,6,7,63.75231568,0,11.079993962626268
49088441,1,0.0,1,424.1487475,0.0,0.0,0.0,6.052439102,0.0,0.0,0.0,358.63892847601335,76.52283586768321,442.2615083691881,82.36978232696829,0.0,0.0,1.0,32486.81316,0.0,-163.79039295499362,-53.72509927945669,38.651268947107795,92.84179249694337,0.0,0.0,0.0,0.0,0.35104113512118473,0.0,0.0,20,3,6,19.16214063,0,10.388620318303056
49304487,1,0.0,1,0.346854015,0.0,0.0,0.0,0.297771514,0.0,0.0,0.0,0.0,0.0,0.0,0.0,0.0,0.0,1.0,579342.0998,0.0,0.20110910745692195,0.09724000523228014,0.0,0.03970665450976832,0.0,0.0,0.0,0.0,0.4893271147494494,0.0,0.0,23,0,3,17.63673194,0,13.269650154110042
49343570,1,0.0,1,599.4369082,0.0,0.0,0.0,6.397657571,0.0,0.0,0.0,130.9447198080334,43.906181220409586,343.8705883213699,55.82518690102468,0.0,0.0,1.0,6343.519243,0.0,-238.94662276314753,-34.48360462655594,41.923654774102936,88.39913381241907,0.0,0.0,0.0,0.0,0.3548228772651105,0.0,0.0,9,3,6,26.52831077,0,8.755346607853097
49498922,1,0.0,1,526.1714721,0.0,0.0,0.0,6.26752587,0.0,0.0,0.0,246.45097171951588,40.006031309508295,165.43255611963815,34.017298462815226,0.0,0.0,1.0,163283.7756,0.0,-96.29394735270402,-42.31435844350359,23.83281050363701,4.909320253743836,0.0,0.0,0.0,0.0,0.9422317517375275,0.0,0.0,23,4,8,64.43527355,0,12.003251044973702
49705111,1,0.0,1,1683.812872,0.0,0.0,0.0,7.429409782,0.0,0.0,0.0,130.29583225371783,43.79127566784269,346.4850502635174,55.93726655204374,0.0,0.0,1.0,44413.84539,0.0,-238.94662276314753,-34.487693661659556,41.925510328868725,88.38566405680031,0.0,0.0,0.0,0.0,0.25654446656389474,0.0,0.0,4,3,6,55.81852299,0,10.70132904816656
49907151,12,4.829815077,0,200.3866525,314.0520445,1.567230355,65.02361673,5.305226705,5.752737846,0.942827632,1.567230355,480.9965474,99.58901939,654.7493713,135.5640663,59.9984337,0.866011735,0.500023675,2430.597799,325.1375709,-650.2753194,-202.2028674,134.6377261,134.6377261,650.2753194,-40.21619496,0.638521633,0.994593922,0.994593922,14.07709263,134.8311964,20,3,8,0.508562336,1,7.796303850708835
50111753,4,4.797640448,0,12.7595777,0.0,0.0,0.0,2.621735142,0.0,0.0,0.0,0.0,0.0,0.0,0.0,0.0,0.0,1.0,14753.23983,0.0,0.0,1.4e-12,0.0,0.0,0.0,2.89e-12,0.0,0.973129721,0.973129721,0.0,0.0,20,2,8,66.85989142,0,9.599285766564945
50154005,1,0.0,1,6.356731023,0.0,0.0,0.0,1.99561568,0.0,0.0,0.0,0.0,0.0,0.0,0.33294101225785044,0.0,0.0,1.0,316360.7151,0.0,0.03269511729601768,-0.03349954282705318,0.0,0.0,0.0,0.0,0.0,0.0,0.7839837672529975,0.0,0.0,2,5,8,64.55913709,0,12.664641505974076
50232090,1,0.0,1,485.0925614,0.0,0.0,0.0,6.186399061,0.0,0.0,0.0,338.6295057214329,65.99963772492315,411.6402256470831,84.27055262002416,0.0,0.0,1.0,757700.4871,0.0,-334.99964618853375,-76.42331129197035,65.7152876835066,92.90682708875073,0.0,0.0,0.0,0.0,0.4834063628238157,0.0,0.0,0,2,3,19.21307651,0,13.538044770567664
50442487,1,0.0,1,0.616722111,0.0,0.0,0.0,0.480400711,0.0,0.0,0.0,2.607812381434323,1.1408208805049003,0.8570958346598487,0.5154127780425026,0.0,0.0,1.0,81882.64788,0.0,0.2397485655755319,-0.011324281432605382,0.0,0.0029775069690771523,0.0,0.0,0.0,0.0,0.694417835216916,0.0,0.0,1,5,8,14.67000099,0,11.313054590321673
50534601,1,0.0,1,298.3108766,0.0,0.0,0.0,5.701482754,0.0,0.0,0.0,49.954464417314284,13.121790282944398,131.8737918335213,11.360530712789613,0.0,0.0,1.0,452829.413,0.0,0.4391365156775391,0.004185154685153232,0.0,52.64260368587072,0.0,0.0,0.0,0.0,0.763670590810252,0.0,0.0,21,2,3,14.98156055,0,13.023272970134975
51019821,1,0.0,1,14.82126172,0.0,0.0,0.0,2.761354714,0.0,0.0,0.0,5.633120546973025,1.669234072596209,7.829782077373236,4.3391700605511,0.0,0.0,1.0,5964.975325,0.0,-0.7831112339274253,0.018233587936664925,0.01577692915626845,0.0434756437535997,0.0,0.0,0.0,0.0,0.2602725319617769,0.0,0.0,21,3,5,61.37140299,0,8.693827829129164
51167521,1,0.0,1,16.02364531,0.0,0.0,0.0,2.834603279,0.0,0.0,0.0,1.3060454917258402,0.5273066462819529,0.7661806870154104,0.0,0.0,0.0,1.0,174239.6147,0.0,0.03269511729601768,-0.03536327998478277,0.0,0.0,0.0,0.0,0.0,0.0,0.8803873669435744,0.0,0.0,3,6,7,64.06834065,0,12.068192466053127
51302326,1,0.0,1,440.9407094,0.0,0.0,0.0,6.091175732,0.0,0.0,0.0,0.0,0.0,0.0,0.0,0.0,0.0,1.0,1330.811132,0.0,5.939581563763915,11.189343151138521,1.2793584602071921,0.0,0.0,0.0,0.0,0.0,0.4177808600453181,0.0,0.0,9,1,9,8.173316427,1,7.194295048253993
51568885,1,0.0,1,296.9957158,0.0,0.0,0.0,5.69707911,0.0,0.0,0.0,0.0,0.0,0.0,0.0,0.0,0.0,1.0,203026.6576,0.0,0.4391365156775391,0.005914490694897145,0.0,4.530786621661668,0.0,0.0,0.0,0.0,0.9422317517375275,0.0,0.0,23,2,8,66.99447413,0,12.221097493078483
51688491,7,2.078191774,0,51.10061132,42.85653966,0.838669804,20.62203316,3.953176682,3.780923845,0.609042368,0.838669804,143.5682251,69.08324194,305.27238,146.8932674,85.28463658,0.99661538,0.082205746,7468.561661,0.99727455,-2.849949411,-0.435127435,1.371360164,1.371360164,2.849949411,-5.273702073,0.084777206,0.030361523,0.030361523,146.8255471,4.459903341,21,0,5,64.3224388,0,8.91859159648545
52259907,2,3.289158094,0,21.82927895,0.0,0.0,0.0,3.128043877,0.0,0.0,0.0,0.0,0.0,0.0,0.0,0.0,0.0,1.0,2297.207311,0.0,0.0,-2.07e-13,0.0,0.0,0.0,0.0,0.0,0.9690647,0.9690647,0.0,0.0,1,0,7,43.84668292,1,7.739884668003749
52398567,1,0.0,1,18.0216119,0.0,0.0,0.0,2.945575801,0.0,0.0,0.0,0.2106474577000095,0.0,1.238164191122413,0.30661745965033926,0.0,0.0,1.0,9389.595312,0.0,0.03269511729601768,-0.03536327998478277,0.0,0.0,0.0,0.0,0.0,0.0,0.1783708375667485,0.0,0.0,4,5,7,32.8087113,0,9.14746396870176
52440944,1,0.0,1,110.1492502,0.0,0.0,0.0,4.710873895,0.0,0.0,0.0,0.0,0.0,0.0,0.0,0.0,0.0,1.0,311444.6242,0.0,0.09454324247118778,0.024000503002178583,0.0,0.0,0.0,0.0,0.0,0.0,0.9479306321632051,0.0,0.0,20,1,8,62.527577,0,12.648980040816374
52813329,1,0.0,1,185.1013086,0.0,0.0,0.0,5.226291195,0.0,0.0,0.0,0.0,1.3472467014317937,0.0,0.0,0.0,0.0,1.0,2090.968834,0.0,4.4364569320044485,8.315100603187595,0.0,3.6954270088732035,0.0,0.0,0.0,0.0,0.6165306636071464,0.0,0.0,0,4,7,2.661197376,1,7.645860927368297
54163612,1,0.0,1,11942.39211,0.0,0.0,0.0,9.387933443,0.0,0.0,0.0,66.58928516349945,21.726404819358667,168.24296349123549,35.670374737094356,0.0,0.0,1.0,131874.4311,0.0,-238.94662276314753,-34.487693661659556,41.925510328868725,0.4940697190631394,0.0,0.0,0.0,0.0,0.7555701911769511,0.0,0.0,2,5,8,66.72742123,0,11.789613052211864
54555851,7,4.499117035,0,39.33410807,130.7757901,3.324742737,29.06699006,3.697197465,4.881101919,1.464352636,3.324742737,382.0086782,84.90747746,514.2123754,114.2918425,64.65993601,0.903783499,0.427989937,3346.852589,29.13582445,-83.26255367,-5.37580032,18.50642093,18.50642093,83.26255367,-38.58614207,0.072763694,0.231012351,0.231012351,-111.2003416,26.40282725,16,0,8,3.791231432,1,8.116074401070144
54606261,1,0.0,1,386.2028323,0.0,0.0,0.0,5.95894867,0.0,0.0,0.0,0.0,0.5031084967456587,0.0,0.0,0.0,0.0,1.0,2511.317835,0.0,-2.4042014239527694,5.987355834197788,0.0,6.758773431091008,0.0,0.0,0.0,0.0,0.805395910619432,0.0,0.0,6,2,8,7.611519684,1,7.828961046256239
55031524,2,2.998805858,0,34.25063103,0.0,0.0,0.0,3.562483431,0.0,0.0,0.0,0.0,0.0,0.0,0.0,0.0,0.0,1.0,4163.557385,0.0,0.0,-3.03e-13,0.0,0.0,0.0,0.0,0.0,-0.071696597,0.071696597,0.0,0.0,21,6,6,5.465545102,1,8.334365278845832
55093960,1,0.0,1,425.0916551,0.0,0.0,0.0,6.054654476,0.0,0.0,0.0,358.0852329155053,76.50685618139404,441.94647191586256,82.36978232696829,0.0,0.0,1.0,28057.54085,0.0,-163.79039295499362,-53.72336994344695,38.65324100094879,92.84179249694337,0.0,0.0,0.0,0.0,0.38155863615325847,0.0,0.0,22,6,5,47.00133108,0,10.242048351235212
55451314,1,0.0,1,183.3126469,0.0,0.0,0.0,5.216633483,0.0,0.0,0.0,1.2722066689706726,1.387967752886934,0.0,0.0,0.0,0.0,1.0,1523.595651,0.0,19.730298351264793,11.768089975627632,0.0,0.43270011186601476,0.0,0.0,0.0,0.0,0.5137203668976318,0.0,0.0,0,0,7,4.457485441,1,7.329484506998616
56190238,2,1.356106969,0,135.487866,0.0,0.0,0.0,4.916235717,0.0,0.0,0.0,0.0,0.0,0.0,0.0,0.0,0.0,1.0,1275.516953,0.0,0.0,0.0,0.0,0.0,0.0,0.0,0.0,-0.879358882,0.879358882,0.0,0.0,22,3,8,0.547744816,1,7.151890517439412
56860504,1,0.0,1,1671.49953,0.0,0.0,0.0,7.422074511,0.0,0.0,0.0,3.856769916672435,1.8960477684252472,12.091765660827791,0.6360259922836451,0.0,0.0,1.0,371683.219,0.0,-0.24092392731786882,-0.05851209162528163,0.041061095158192534,0.5058082756197233,0.0,0.0,0.0,0.0,0.7673985768531176,0.0,0.0,18,3,8,65.37490716,0,12.825799899102103
57382947,1,0.0,1,1218.913264,0.0,0.0,0.0,7.10653504,0.0,0.0,0.0,3.6600191070209687,1.7232850474902353,6.217836980796481,0.3333782273490352,0.0,0.0,1.0,288439.8008,0.0,-0.24092392731786882,-0.05851209162528163,0.04303314899918544,0.3872742818961443,0.0,0.0,0.0,0.0,0.9972498099102737,0.0,0.0,21,2,8,36.16885795,0,12.572245147340807
59050390,1,0.0,1,8092.570963,0.0,0.0,0.0,8.998825317,0.0,0.0,0.0,65.79294514590651,21.428660856142077,168.24296349123549,35.670374737094356,0.0,0.0,1.0,104630.335,0.0,-238.94662276314753,-34.487693661659556,41.925510328868725,0.4940697190631394,0.0,0.0,0.0,0.0,0.7555701911769511,0.0,0.0,3,5,8,39.26975146,0,11.558198355540565
59088464,1,0.0,1,30.22179587,0.0,0.0,0.0,3.441116436,0.0,0.0,0.0,1.1517553997466468,0.2203865518674741,0.0,0.497679744329538,0.0,0.0,1.0,61156.095,0.0,-0.07205018683090286,-0.00035082864685958746,0.0012973486968952475,0.0,0.0,0.0,0.0,0.0,0.8851141191738183,0.0,0.0,21,2,7,59.2196466,0,11.021201160549971
59822043,1,0.0,1,60.71560307,0.0,0.0,0.0,4.122536785,0.0,0.0,0.0,0.8299727189619073,0.19796183212850652,0.0,0.8810370811584665,0.0,0.0,1.0,51120.22859,0.0,-0.005944340822592219,0.0013785073628843256,0.0012973486968952475,0.0,0.0,0.0,0.0,0.0,0.8084580749083623,0.0,0.0,22,4,7,64.18241336,0,10.841955122213323
59863246,9,4.567797819,0,180.4430441,568.80882,3.152290092,124.5258311,5.200941798,6.345300901,1.423660007,3.152290092,786.4552543,172.173832,1178.520006,258.0061669,39.80048273,0.640116172,0.768278131,5215.748715,110.6732232,234.7733599,69.99113459,-51.39749375,51.39749375,-234.7733599,17.43873952,0.627068023,-0.086336007,0.086336007,257.0427914,-22.27522216,20,1,6,57.08968793,0,8.55962963529152
59912474,1,0.0,1,54.84752845,0.0,0.0,0.0,4.022625271,0.0,0.0,0.0,155.95008560376084,73.98436740422557,296.8847813188717,100.0,0.0,0.0,1.0,656.9818864,0.0,-1.3397206667268895,0.3364066908333898,0.6266383670619864,0.0,0.0,0.0,0.0,0.0,0.513523496425961,0.0,0.0,21,1,9,13.10741699,1,6.48917740267893
60008113,1,0.0,1,103.6463435,0.0,0.0,0.0,4.650586508,0.0,0.0,0.0,9.713029753591911,4.242437806666581,20.579006907842633,6.507881660175265,0.0,0.0,1.0,498519.0561,0.0,-89.19766700947916,-4.437534847106026,15.929276328352437,0.04546884740387363,0.0,0.0,0.0,0.0,0.6886502695925426,0.0,0.0,0,6,3,60.07479443,0,13.119399100473405
60132804,13,4.819050849,0,1630.389625,2508.041442,1.538308024,520.4430335,7.397187461,7.827656064,0.931497726,1.538308024,1351.378212,280.4241446,2045.333109,424.4265464,93.8978041,0.997686885,-0.067977054,2798.867829,850.7350444,-1706.526611,-566.7109182,354.1208974,354.1208974,1706.526611,-116.9273861,0.502981471,0.902627768,0.902627768,-182.6825305,383.099186,20,2,7,1.262348174,1,7.937327491120583
60328541,1,0.0,1,45.54882601,0.0,0.0,0.0,3.840501783,0.0,0.0,0.0,15.666435312476027,3.7428077709554057,33.026021374519495,14.503730255303683,0.0,0.0,1.0,218084.3377,0.0,0.03269511729601768,-0.03349954282705318,0.0,0.0,0.0,0.0,0.0,0.0,0.8689986275014191,0.0,0.0,3,5,7,65.71784847,0,12.292641722511242
60871141,7,2.086154759,0,148.8345819,27.61086754,0.185513791,13.23529207,5.009531898,3.35378663,0.170176259,0.185513791,61.12989145,29.30266375,110.4963194,52.96650159,80.91252605,0.98744836,0.157942194,868.6134046,1.14e-13,0.0,9.86e-14,0.0,0.0,0.0,-1.91e-13,0.285714286,-0.475472993,0.475472993,-46.59623732,-25.18414103,21,6,8,0.410032163,1,6.768048750361608
60883493,1,0.0,1,198.4636845,0.0,0.0,0.0,5.295632187,0.0,0.0,0.0,0.2045367866433928,0.0,2.82610274230059,0.0,0.0,0.0,1.0,5404.553876,0.0,34.12988151102885,0.03965851047448374,0.0,4.823948852840869,0.0,0.0,0.0,0.0,0.6132694850284982,0.0,0.0,20,2,7,60.73052582,0,8.595182199568736
61186593,4,4.583171289,0,703.2834273,0.0,0.0,0.0,6.557180871,0.0,0.0,0.0,0.0,0.0,0.0,0.0,0.0,0.0,1.0,200228.8637,0.0,0.0,-8.1e-12,0.0,0.0,0.0,-1.32e-11,0.0,-0.9999948,0.9999948,0.0,0.0,20,2,7,63.89179342,0,12.207221304069288
61455506,1,0.0,1,98.47321455,0.0,0.0,0.0,4.599888407,0.0,0.0,0.0,29.58680373299787,2.2647895517369903,42.36613154773809,6.760295777563825,0.0,0.0,1.0,152444.9474,0.0,0.09454324247118778,0.022136765844449006,0.0,0.09184939419931504,0.0,0.0,0.0,0.0,0.7466494972830465,0.0,0.0,19,4,6,66.64079076,0,11.93456536892105
62295471,1,0.0,1,42.95650733,0.0,0.0,0.0,3.783200675,0.0,0.0,0.0,32.970155042988544,6.192680355614898,34.45924025151852,10.047359658034994,0.0,0.0,1.0,3044.528632,0.0,-14.577866825333649,-1.5338114502134013,1.60465075547256,8.501431104381533,0.0,0.0,0.0,0.0,0.7130610798071725,0.0,0.0,21,3,7,0.132979024,1,8.021429771644266
62568772,5,4.491952683,0,42.59384916,0.0,0.0,0.0,3.774916066,0.0,0.0,0.0,0.0,0.0,0.0,0.0,0.0,0.0,1.0,1814.911174,0.0,0.0,-2.4e-13,0.0,0.0,0.0,3.6e-13,0.0,-0.842838261,0.842838261,0.0,0.0,22,3,5,0.376565957,1,7.504342644969364
62887976,3,4.645517888,0,0.665505878,0.0,0.0,0.0,0.510128908,0.0,0.0,0.0,0.0,0.0,0.0,0.0,0.0,0.0,1.0,2113.034653,0.0,0.0,4.79e-14,0.0,0.0,0.0,-2.19e-13,0.0,-0.757293941,0.757293941,0.0,0.0,21,3,7,3.320299727,1,7.656353558443421
63182365,1,0.0,1,1951.613874,0.0,0.0,0.0,7.576924202,0.0,0.0,0.0,362.24445679730326,59.57772408611051,385.34535079646884,47.62333535633069,0.0,0.0,1.0,2941.670461,0.0,-416.4957340410177,-130.3281283220791,91.52440924759561,100.0,0.0,0.0,0.0,0.0,0.49308426621095064,0.0,0.0,19,5,8,45.33606271,1,7.987072768127713
64255332,1,0.0,1,131.7370173,0.0,0.0,0.0,4.888369857,0.0,0.0,0.0,23.969330387306496,0.71136015127919,26.691119836574916,7.772910134138061,0.0,0.0,1.0,158865.6281,0.0,0.1606490884794984,0.02280342990070315,0.0,0.0,0.0,0.0,0.0,0.0,0.8270386995843165,0.0,0.0,23,1,7,33.39430561,0,11.975820312217415
64647602,2,4.527392191,0,18.9340762,0.0,0.0,0.0,2.992430639,0.0,0.0,0.0,0.0,0.0,0.0,0.0,0.0,0.0,1.0,275808.9152,0.0,0.0,-1.29e-11,0.0,0.0,0.0,0.0,0.0,-0.997275833,0.997275833,0.0,0.0,22,3,7,65.25434637,0,12.527467194384032
65120642,4,4.640813318,0,420.3987298,352.0324243,0.837377469,75.85576066,6.043579487,5.866559906,0.608339265,0.837377469,411.2388283,88.61352529,548.8348654,118.2626466,34.8475278,0.571394528,0.82067551,131497.0308,180.7129639,-435.8771141,-84.5482309,93.92257007,93.92257007,435.8771141,-94.18475437,0.658097146,0.796468885,0.796468885,71.51099965,94.19251833,17,2,6,2.483279284,0,11.786747155582889
66457746,2,3.76802964,0,9.314298977,0.0,0.0,0.0,2.333531183,0.0,0.0,0.0,0.0,0.0,0.0,0.0,0.0,0.0,1.0,572545.7207,0.0,0.0,0.0,0.0,0.0,0.0,0.0,0.0,0.495605877,0.495605877,0.0,0.0,21,5,3,34.5338026,0,13.25784961929037
66587029,1,0.0,1,3.707171434,0.0,0.0,0.0,1.549087183,0.0,0.0,0.0,4.909211548384347,1.9035790360433138,7.705846271404885,0.7277924892313088,0.0,0.0,1.0,83351.51571,0.0,0.03269511729601768,-0.03536327998478277,0.0,0.07805205411772664,0.0,0.0,0.0,0.0,0.6946495123744474,0.0,0.0,6,1,5,26.38656247,0,11.330834070206961
66678641,1,0.0,1,123.4217475,0.0,0.0,0.0,4.823676984,0.0,0.0,0.0,18.266637639244646,7.716411930740403,7.440895628379803,3.9371556444300753,0.0,0.0,1.0,2634.347322,0.0,-0.08912673407655497,1.839989638280755,0.0,11.942532786902897,0.0,0.0,0.0,0.0,0.6937747636651439,0.0,0.0,5,1,8,7.488617355,1,7.876770263294848
66725353,1,0.0,1,2.062098004,0.0,0.0,0.0,1.119100303,0.0,0.0,0.0,17.38615257463198,6.1320183052711545,11.075536327325253,12.156999746825557,0.0,0.0,1.0,1458.421526,0.0,24.88373177285173,6.09940289114615,0.0,0.0,0.0,0.0,0.0,0.0,0.5962779734481315,0.0,0.0,16,2,7,55.17060979,1,7.28579542111996
67308425,1,0.0,1,13.1271772,0.0,0.0,0.0,2.648100403,0.0,0.0,0.0,0.0,0.0,0.0,0.0,0.0,0.0,1.0,2577.9704,0.0,-3.0912853992297022,0.025283340284104543,0.0851530302969416,0.0,0.0,0.0,0.0,0.0,0.7859446587518171,0.0,0.0,18,1,8,3.362595622,1,7.85514552849869
67947674,2,3.068992391,0,3.166187127,0.0,0.0,0.0,1.427001259,0.0,0.0,0.0,0.0,0.0,0.0,0.0,0.0,0.0,1.0,5848.796495,0.0,0.0,0.0,0.0,0.0,0.0,0.0,0.0,-0.575537531,0.575537531,0.0,0.0,8,6,8,9.404261131,0,8.674162152441326
68486145,1,0.0,1,362.7645423,0.0,0.0,0.0,5.896506796,0.0,0.0,0.0,383.3876265546436,77.7508388321419,482.057811267895,89.291115847079,0.0,0.0,1.0,136030.9564,0.0,-163.79039295499362,-53.72509927945669,38.651268947107795,92.97638909075275,0.0,0.0,0.0,0.0,0.7022062388173133,0.0,0.0,18,6,5,62.33355677,0,11.820645110645644
68898469,1,0.0,1,10.58053924,0.0,0.0,0.0,2.449326037,0.0,0.0,0.0,4.785833901698123,1.5914315845170515,6.024573361186083,4.797629222454638,0.0,0.0,1.0,5906.668697,0.0,-0.7170053879191147,0.019962923946408837,0.01977201114472729,0.0434756437535997,0.0,0.0,0.0,0.0,0.2947376346434779,0.0,0.0,22,5,6,63.56438178,0,8.684006565064678
68911231,2,2.278508389,0,228.1224113,0.0,0.0,0.0,5.434256408,0.0,0.0,0.0,0.0,0.0,0.0,0.0,0.0,0.0,1.0,494.598176,0.0,0.0,0.0,0.0,0.0,0.0,0.0,0.0,-0.663145081,0.663145081,0.0,0.0,22,1,7,0.867176501,1,6.205765469360806
69453871,6,4.789218075,0,1668.669259,806.5518697,0.483350349,168.4099277,7.420380837,6.694007288,0.394303279,0.483350349,502.2554408,104.8721175,506.3735388,105.7319861,219.9974627,-0.642753685,-0.766072908,2504.418217,60.67008502,-121.34017,-32.07249168,25.33611294,25.33611294,121.34017,-12.95785387,0.677711083,0.326958766,0.326958766,-99.92080864,34.56999969,18,2,1,0.514906759,1,7.826210952478093
69696766,1,0.0,1,202.7049041,0.0,0.0,0.0,5.316672398,0.0,0.0,0.0,1.796203043672521,0.4884139735991962,5.731504827510662,0.2295898511820236,0.0,0.0,1.0,13840.82208,0.0,22.957916419107875,0.02107409389095924,0.0,22.33688987061305,0.0,0.0,0.0,0.0,0.4437794979343619,0.0,0.0,21,3,6,20.46423758,0,9.535449873685332
69788114,1,0.0,1,51.47044277,0.0,0.0,0.0,3.960250016,0.0,0.0,0.0,29.32278534647414,12.623576311394658,7.807992333688828,20.357981229070774,0.0,0.0,1.0,2186.942206,0.0,2.525279395687979,0.1541053099594754,1.0770513148558998,3.4929916610497416,0.0,0.0,0.0,0.0,0.7367485567372525,0.0,0.0,16,2,7,20.87294374,1,7.690716749116231
69938994,1,0.0,1,6.464945749,0.0,0.0,0.0,2.010218164,0.0,0.0,0.0,1.8466536543114425,0.0,6.176677132158385,0.08367422284384463,0.0,0.0,1.0,1373.487966,0.0,24.88373177285173,6.09940289114615,0.0,0.0,0.0,0.0,0.0,0.0,0.6737531353347261,0.0,0.0,15,1,7,3.667386218,1,7.22583655238327
70156135,1,0.0,1,57.65928661,0.0,0.0,0.0,4.071745902,0.0,0.0,0.0,0.36453688822825436,0.33483670348953215,5.674539196714939,0.0,0.0,0.0,1.0,412694.9196,0.0,-0.07205018683090286,0.001512908510869989,0.0,0.047616653903792994,0.0,0.0,0.0,0.0,0.5987220345495634,0.0,0.0,18,2,3,18.91827401,0,12.930466328606746
70401139,12,2.93229394,0,29.96597679,536.082195,17.88969533,182.820074,3.432889079,6.286151146,2.938616521,17.88969533,1033.462624,352.4416873,1744.887012,595.0586973,99.55594694,0.986123969,-0.166010594,644.9376891,0.0,0.0,-1.28e-13,0.0,0.0,0.0,3.54e-13,0.0,-0.884950079,0.884950079,277.1104457,-526.5972409,22,6,6,1.938121585,1,6.470703042628826
71012530,1,0.0,1,0.167018548,0.0,0.0,0.0,0.154452247,0.0,0.0,0.0,1.2137831228139366,0.6564448329051538,4.828623967431522,0.0,0.0,0.0,1.0,312721.2946,0.0,0.2397485655755319,-0.012203770588058908,0.0,0.06530348009975366,0.0,0.0,0.0,0.0,0.759855594662846,0.0,0.0,0,4,4,12.24232216,0,12.653070837994278
71424445,3,4.710365445,0,259.3559091,33.11973536,0.127699945,7.031245398,5.562049576,3.529875966,0.120180111,0.127699945,56.27162701,11.94633997,73.1419084,15.52786281,271.4531888,-0.999678378,0.025360209,3175.968041,33.24728461,70.52814121,13.42234784,-14.9729659,14.9729659,-70.52814121,17.02605263,0.615582587,-0.963147397,0.963147397,-4.176593668,-14.95562064,10,2,6,1.469195425,1,8.063682574728833
71782873,2,1.57532289,0,0.037524838,0.0,0.0,0.0,0.036837913,0.0,0.0,0.0,0.0,0.0,0.0,0.0,0.0,0.0,1.0,194325.2169,0.0,0.0,-1.85e-11,0.0,0.0,0.0,0.0,0.0,-0.971577319,0.971577319,0.0,0.0,21,3,8,55.06555553,0,12.177293556268443
72668739,1,0.0,1,1.556149693,0.0,0.0,0.0,0.9385021,0.0,0.0,0.0,0.0,0.0,0.0,0.0,0.0,0.0,1.0,11947.86964,0.0,-0.04394461412248554,0.06959978796604883,0.01644223435579789,0.0,0.0,0.0,0.0,0.0,0.8105520276836821,0.0,0.0,23,5,8,36.9585466,0,9.388391962090687
72709271,2,2.028575971,0,151.2698663,0.0,0.0,0.0,5.025654383,0.0,0.0,0.0,0.0,0.0,0.0,0.0,0.0,0.0,1.0,14843.57266,0.0,0.0,0.0,0.0,0.0,0.0,0.0,0.0,0.492499627,0.492499627,0.0,0.0,20,5,5,64.44994045,0,9.60538959998661
72762907,1,0.0,1,13.61403289,0.0,0.0,0.0,2.681982224,0.0,0.0,0.0,0.27458156272254397,0.18583990892380778,0.0,0.497679744329538,0.0,0.0,1.0,31058.89243,0.0,-0.005944340822592219,0.0013785073628843256,0.0012973486968952475,0.0,0.0,0.0,0.0,0.0,0.5735409470472558,0.0,0.0,22,6,7,43.81576297,0,10.343672633399835
73046875,1,0.0,1,672.4503447,0.0,0.0,0.0,6.512414266,0.0,0.0,0.0,31.4777871332404,16.32388226649697,77.16675304728234,10.733979007414751,0.0,0.0,1.0,8267.460739,0.0,-0.27892420061776213,-0.1778401505393265,0.05817803465808808,0.38859945219533765,0.0,0.0,0.0,0.0,0.4965077677844142,0.0,0.0,21,6,8,66.60121243,0,9.020203644817503
73362817,1,0.0,1,67.56053893,0.0,0.0,0.0,4.227717135,0.0,0.0,0.0,0.6542563638896778,0.3391150328209095,12.223389752314192,9.740698589095032,0.0,0.0,1.0,1464.568356,0.0,26.552308926573737,4.1785776097435585,0.0,0.0,0.0,0.0,0.0,0.0,0.46886191035593616,0.0,0.0,19,1,7,19.56184915,1,7.2899984025295685
73464738,1,0.0,1,42.85269428,0.0,0.0,0.0,3.78083616,0.0,0.0,0.0,0.0,0.0,17.001148319840656,0.0,0.0,0.0,1.0,295594.5374,0.0,-0.07205018683090286,0.001512908510869989,0.0,0.0,0.0,0.0,0.0,0.0,0.9160343280545368,0.0,0.0,19,6,7,65.6977524,0,12.596747371189858
74520040,1,0.0,1,7197.117884,0.0,0.0,0.0,8.881574866,0.0,0.0,0.0,129.98925509663422,43.65895839279829,345.75536720749716,55.90579390720674,0.0,0.0,1.0,27514.33903,0.0,-238.94662276314753,-34.487693661659556,41.925510328868725,88.40348111610571,0.0,0.0,0.0,0.0,0.2849877793889748,0.0,0.0,9,4,6,63.38346976,0,10.222498911060688
74572738,12,1.221002346,0,18.01312581,3.32796432,0.184752183,2.725600268,2.945129573,1.465097298,0.169533616,0.184752183,21.18275058,17.34865675,38.03504664,31.15067451,283.5499182,-0.972166165,0.23429244,488007.479,18.40216563,37.93643827,42.8996168,-31.06991432,31.06991432,-37.93643827,16.71922764,0.76259951,-0.997401885,0.997401885,-2.244033517,-31.06974148,23,4,4,32.57303382,0,13.09808805968434
75429514,1,0.0,1,2221.464477,0.0,0.0,0.0,7.706371984,0.0,0.0,0.0,121.15416457349292,39.973734320283675,295.1736604176361,38.08680997936934,0.0,0.0,1.0,42221.41446,0.0,-0.24092392731786882,-0.1778401505393265,0.041061095158192534,88.40657514734468,0.0,0.0,0.0,0.0,0.24116499557003093,0.0,0.0,18,1,5,65.33281997,0,10.650706507355984
76217490,2,2.024599034,0,23.74096897,0.0,0.0,0.0,3.208460532,0.0,0.0,0.0,0.0,0.0,0.0,0.0,0.0,0.0,1.0,8292.770207,0.0,0.0,-4.49e-13,0.0,0.0,0.0,0.0,0.0,0.073442141,0.073442141,0.0,0.0,18,1,8,62.41916849,0,9.023259934490511
76322687,1,0.0,1,288.2660057,0.0,0.0,0.0,5.6673467,0.0,0.0,0.0,0.0,0.0,0.0,0.0,0.0,0.0,1.0,617974.7365,0.0,0.4391365156775391,0.005914490694897145,0.0,4.499909989415058,0.0,0.0,0.0,0.0,0.6849716547541527,0.0,0.0,23,3,7,64.78061228,0,13.33420447434222
76903640,1,0.0,1,296.4579626,0.0,0.0,0.0,5.695272913,0.0,0.0,0.0,0.0,0.0,0.0,0.0,0.0,0.0,1.0,212682.3039,0.0,0.4391365156775391,0.005914490694897145,0.0,6.207157010285189,0.0,0.0,0.0,0.0,0.9563561268053395,0.0,0.0,22,3,7,62.70764026,0,12.267559502103595
77028404,7,4.073753183,0,149.9588516,-2.16e-05,-1.44e-07,-5.29e-06,5.017007294,0.0,-1.44e-07,-1.44e-07,-4.97e-05,-1.22e-05,0.002270919,0.000557451,234.897486,-0.818124487,-0.57504115,306.9545512,0.0,0.0,-2.85e-14,0.0,0.0,0.0,-8.24e-14,0.0,0.976197005,0.976197005,-0.000120903,0.000544182,21,1,6,2.9800083,1,5.729952211046412
78390748,1,0.0,1,31.53884239,0.0,0.0,0.0,3.482434526,0.0,0.0,0.0,11.235938301507767,0.015064857007814288,0.0,0.0,0.0,0.0,1.0,98828.35648,0.0,-0.005944340822592219,0.0013785073628843256,0.0012973486968952475,0.05222245597080659,0.0,0.0,0.0,0.0,0.7094328661427842,0.0,0.0,23,0,6,38.52526441,0,11.501149969965848
78849751,1,0.0,1,19.50334398,0.0,0.0,0.0,3.020587994,0.0,0.0,0.0,0.0,0.0,0.0,0.0,0.0,0.0,1.0,318819.4622,0.0,-0.07205018683090286,0.001512908510869989,0.0,0.0,0.0,0.0,0.0,0.0,0.9752956604833153,0.0,0.0,20,3,7,25.41608607,0,12.672383408907432
79439605,1,0.0,1,47.76864945,0.0,0.0,0.0,3.887087677,0.0,0.0,0.0,8.359563098646365,0.27476067822253325,19.173387949909046,8.538205882938906,0.0,0.0,1.0,10266.03447,0.0,-0.11005046013079618,-0.00035082864685958746,0.01644223435579789,0.0,0.0,0.0,0.0,0.0,0.49228711041753087,0.0,0.0,21,0,7,38.43535787,0,9.236693504651857
79655801,1,0.0,1,166.2467361,0.0,0.0,0.0,5.119470184,0.0,0.0,0.0,0.0,0.0,0.9318106130766003,0.0,0.0,0.0,1.0,251409.5159,0.0,22.995916692407768,0.022937831048688816,0.0,10.797856859824678,0.0,0.0,0.0,0.0,0.9979011824579813,0.0,0.0,21,6,8,62.77376127,0,12.43484240361907
80054307,1,0.0,1,421.2730088,0.0,0.0,0.0,6.045652045,0.0,0.0,0.0,272.82079326516987,45.30653824557085,238.68013733616692,54.509212362549235,0.0,0.0,1.0,178447.707,0.0,-163.79039295499362,-53.72509927945669,38.651268947107795,24.385825213448665,0.0,0.0,0.0,0.0,0.9944065012261275,0.0,0.0,20,6,7,58.94130613,0,12.092056483164962
80087496,1,0.0,1,258.1509073,0.0,0.0,0.0,5.557410546,0.0,0.0,0.0,0.0,0.0,0.0,0.0,0.0,0.0,1.0,186960.0794,0.0,0.4391365156775391,0.002321417527423655,0.0,6.217545220040691,0.0,0.0,0.0,0.0,0.9944065012261275,0.0,0.0,21,5,8,66.79014055,0,12.138655742623545
80232624,1,0.0,1,928.6692723,0.0,0.0,0.0,6.834828902,0.0,0.0,0.0,101.66065657866388,29.579666582262146,278.6048944309663,45.63631797434394,0.0,0.0,1.0,330902.6569,0.0,-238.94662276314753,-34.381489585056336,41.925510328868725,88.3923490825033,0.0,0.0,0.0,0.0,0.7292937832100275,0.0,0.0,13,0,3,20.96051776,0,12.709582545223675
80265452,1,0.0,1,188.7836465,0.0,0.0,0.0,5.245884721,0.0,0.0,0.0,12.060996594446372,4.851542825810595,29.38314226986971,12.343712059271239,0.0,0.0,1.0,7892.655684,0.0,-86.72600583992417,-4.439398584263755,15.498176042637182,22.42353743610041,0.0,0.0,0.0,0.0,0.12989928072021753,0.0,0.0,1,0,6,62.88532225,0,8.973814637840565
80340843,1,0.0,1,82.68564452,0.0,0.0,0.0,4.427067452,0.0,0.0,0.0,0.0,0.0,0.0,0.0,0.0,0.0,1.0,520347.4391,0.0,0.1606490884794984,0.025729839011922495,0.0,0.0,0.0,0.0,0.0,0.0,0.9107598704164829,0.0,0.0,22,0,8,15.7048571,0,13.162253941349773
80550714,17,3.16456337,0,53.94587459,280.2954751,5.195864877,88.57319077,4.006348602,5.63940563,1.823882099,5.195864877,617.0814083,194.9973302,744.1996197,235.1666036,133.572373,0.7245043,-0.68927028,562.9044336,0.0,0.0,1.48e-13,0.0,0.0,0.0,-8.68e-14,0.0,0.637210659,0.637210659,181.2404734,149.8506665,18,0,6,3.27495127,1,6.334884793169176
80745551,1,0.0,1,13.61270592,0.0,0.0,0.0,2.681891419,0.0,0.0,0.0,14.666112279581554,1.6619372477817842,7.057896198365584,0.9946388586857956,0.0,0.0,1.0,97021.67489,0.0,0.03269511729601768,-0.09015749340582485,0.0,0.013360569734843834,0.0,0.0,0.0,0.0,0.7604857417544499,0.0,0.0,16,4,8,62.84103973,0,11.482699991920075
80823027,1,0.0,1,1777.623176,0.0,0.0,0.0,7.483594847,0.0,0.0,0.0,56.979918329032955,17.53628857429594,112.5338799072651,17.753864727084295,0.0,0.0,1.0,121375.3566,0.0,-0.24092392731786882,-0.1778401505393265,0.04303314899918544,0.3972154484340876,0.0,0.0,0.0,0.0,0.8785620765252089,0.0,0.0,21,1,7,38.63661723,0,11.706651382462164
81413445,1,0.0,1,158.6028444,0.0,0.0,0.0,5.072688507,0.0,0.0,0.0,0.0,0.0,2.83991658749182,0.0,0.0,0.0,1.0,402419.9953,0.0,0.09454324247118778,0.022937831048688816,0.0,0.0022270085083295524,0.0,0.0,0.0,0.0,0.8753271562573436,0.0,0.0,21,1,4,0.374486083,0,12.905254071605395
81541989,1,0.0,1,4.875967368,0.0,0.0,0.0,1.770870705,0.0,0.0,0.0,0.0,0.0,0.0,0.0,0.0,0.0,1.0,31135.44137,0.0,-0.005944340822592219,0.0013785073628843256,0.0012973486968952475,0.0,0.0,0.0,0.0,0.0,0.5109970832376415,0.0,0.0,23,4,7,65.69899317,0,10.346134160437675
82428611,1,0.0,1,0.277086353,0.0,0.0,0.0,0.244581196,0.0,0.0,0.0,30.20692780107435,2.965921554310854,43.99729066827034,8.229110601156059,0.0,0.0,1.0,143600.0851,0.0,0.2397485655755319,-0.04271101110993326,0.0,0.08537085261838061,0.0,0.0,0.0,0.0,0.6173550906156081,0.0,0.0,13,1,3,64.58061198,0,11.874794491974397
82440747,1,0.0,1,1925.574101,0.0,0.0,0.0,7.563498628,0.0,0.0,0.0,40.093291331657916,19.845971289497527,131.08013368404127,29.203425954735064,0.0,0.0,1.0,5719.205918,0.0,-238.94662276314753,-34.48360462655594,41.923654774102936,0.48972241537650135,0.0,0.0,0.0,0.0,0.6943457287989129,0.0,0.0,0,2,9,15.15400424,0,8.651760083376221
82683747,2,4.085600499,0,55.50900844,0.0,0.0,0.0,4.034400067,0.0,0.0,0.0,0.0,0.0,0.0,0.0,0.0,0.0,1.0,337738.0983,0.0,0.0,-7.12e-12,0.0,0.0,0.0,0.0,0.0,-0.785817325,0.785817325,0.0,0.0,22,2,6,50.51911319,0,12.730028977877387
83950561,1,0.0,1,424.9636375,0.0,0.0,0.0,6.054353985,0.0,0.0,0.0,0.0,0.0,17.006550163392554,9.07550682412152,0.0,0.0,1.0,1181.223495,0.0,55.77023985299359,17.523014794484038,0.0,0.0,0.0,0.0,0.0,0.0,0.19499256017187186,0.0,0.0,18,6,5,14.323375,1,7.075152262156581
84048308,1,0.0,1,1116.965118,0.0,0.0,0.0,7.019265453,0.0,0.0,0.0,91.69742169472943,25.00880807511229,216.2406073452948,27.692144452672405,0.0,0.0,1.0,496409.0535,0.0,-0.24092392731786882,-0.05851209162528163,0.041061095158192534,88.27565616755244,0.0,0.0,0.0,0.0,0.7630192182625444,0.0,0.0,20,2,3,58.41185306,0,13.11515758492781
84366259,5,4.559604697,0,34.69386915,0.0,0.0,0.0,3.574978942,0.0,0.0,0.0,0.0,0.0,0.0,0.0,0.0,0.0,1.0,4186.392118,0.0,0.0,-2.77e-13,0.0,0.0,0.0,-4.64e-13,0.0,0.501443655,0.501443655,0.0,0.0,17,4,8,0.539167404,1,8.339833412935782
84486575,1,0.0,1,632.9734652,0.0,0.0,0.0,6.452007101,0.0,0.0,0.0,3.6732736373048014,1.841207067791471,11.196902287071609,0.6360259922836451,0.0,0.0,1.0,363654.4804,0.0,-0.24092392731786882,-0.05851209162528163,0.041061095158192534,0.5058082756197233,0.0,0.0,0.0,0.0,0.7673985768531176,0.0,0.0,18,3,8,43.35753942,0,12.803962216003983
84940844,12,1.921278439,0,28.59542448,59.66529573,2.086532961,31.05499677,3.387619771,4.1053718,1.127048418,2.086532961,228.3415557,118.8487577,415.350696,216.1845402,49.96744465,0.765679089,0.643222771,816.1996039,0.0,0.0,-1.74e-13,0.0,0.0,0.0,5.87e-13,0.0,-0.15964878,0.15964878,-213.4117311,-34.51359808,0,5,5,0.292272147,1,6.705883378239482
84946127,2,1.875678091,0,27.02811628,0.0,0.0,0.0,3.333208159,0.0,0.0,0.0,0.0,0.0,0.0,0.0,0.0,0.0,1.0,2575.874517,0.0,0.0,-2.42e-13,0.0,0.0,0.0,0.0,0.0,0.964105731,0.964105731,0.0,0.0,22,6,8,0.717695017,1,7.854332516024814
85577091,1,0.0,1,59.0891479,0.0,0.0,0.0,4.095829258,0.0,0.0,0.0,0.8299727189619073,0.19796183212850652,0.0,0.8810370811584665,0.0,0.0,1.0,52204.46335,0.0,-0.005944340822592219,0.0013785073628843256,0.0012973486968952475,0.0,0.0,0.0,0.0,0.0,0.8084580749083623,0.0,0.0,22,5,7,63.93870559,0,10.862942430271453
85752079,7,4.163252491,0,114.0678938,0.002759904,2.42e-05,0.00066292,4.745522335,0.002756102,2.42e-05,2.42e-05,0.007289617,0.001750943,0.010016596,0.002405954,120.1686715,0.864549716,-0.502547299,1986.208476,0.002136447,-0.006105405,-0.000874013,0.001466499,0.001466499,0.006105405,-0.001403661,0.278653563,0.610489425,0.610489425,-0.001905575,0.00146881,22,6,7,2.059227286,1,7.59448615702797
86479991,1,0.0,1,1132.266208,0.0,0.0,0.0,7.032859192,0.0,0.0,0.0,30.216197066514432,16.08453611932368,77.473884574404,10.733979007414751,0.0,0.0,1.0,24291.79838,0.0,-0.24092392731786882,-0.1778401505393265,0.04303314899918544,0.38115284834829694,0.0,0.0,0.0,0.0,0.7250933524532829,0.0,0.0,21,3,7,66.66294359,0,10.097935222441496
86806129,1,0.0,1,457.4811283,0.0,0.0,0.0,6.127919131,0.0,0.0,0.0,0.0,0.0,0.0,0.4899616784461449,0.0,0.0,1.0,1950.31682,0.0,11.45567584055819,12.326077950789346,0.0,2.1979028809217622,0.0,0.0,0.0,0.0,0.38315423947738125,0.0,0.0,18,1,7,21.52954398,1,7.576259715958232
86957035,1,0.0,1,496.2688099,0.0,0.0,0.0,6.209130745,0.0,0.0,0.0,0.0,0.5350351068902551,0.0,0.0,0.0,0.0,1.0,2472.349087,0.0,-2.4042014239527694,4.517919590984872,0.36989851099490184,7.050866313093884,0.0,0.0,0.0,0.0,0.8041179336381018,0.0,0.0,2,1,8,0.007176217,1,7.81332841688004
87010233,1,0.0,1,344.7709003,0.0,0.0,0.0,5.845776418,0.0,0.0,0.0,171.5688646455053,30.52452851799704,136.44175514043582,22.35990685987855,0.0,0.0,1.0,8717.567022,0.0,-86.07734977519529,-32.10174846484419,19.84158945286279,17.958792207604798,0.0,0.0,0.0,0.0,0.45665272437319343,0.0,0.0,22,6,8,55.56569673,0,9.073210171059538
87095211,1,0.0,1,1458.731319,0.0,0.0,0.0,7.28600767,0.0,0.0,0.0,13.07448790091433,5.898428143443839,61.108475265781074,18.486482564958045,0.0,0.0,1.0,580998.2257,0.0,-238.94662276314753,-34.36836560274551,41.925510328868725,0.4626686543370406,0.0,0.0,0.0,0.0,0.6155895782809702,0.0,0.0,4,6,7,37.01667004,0,13.272504703130922
90380661,1,0.0,1,68.79647816,0.0,0.0,0.0,4.245583552,0.0,0.0,0.0,36.25815937241516,5.651589837982505,55.08301229466901,15.797940515343043,0.0,0.0,1.0,158184.0734,0.0,0.03269511729601768,-0.09015749340582485,0.0,0.013360569734843834,0.0,0.0,0.0,0.0,0.7809828466309207,0.0,0.0,15,2,8,46.5305708,0,11.971520977146115
90654456,1,0.0,1,9082.076151,0.0,0.0,0.0,9.114168197,0.0,0.0,0.0,20.04945707730754,7.839872049972739,87.32782983820387,18.249888237359087,0.0,0.0,1.0,164450.5866,0.0,-238.94662276314753,-34.487693661659556,41.925510328868725,0.47641024027530304,0.0,0.0,0.0,0.0,0.8707632433301621,0.0,0.0,5,4,7,56.88385168,0,12.010371499487963
90827686,2,0.911585599,0,0.69620981,0.0,0.0,0.0,0.528396238,0.0,0.0,0.0,0.0,0.0,0.0,0.0,0.0,0.0,1.0,286020.1918,0.0,0.0,-3.19e-11,0.0,0.0,0.0,0.0,0.0,-0.998490051,0.998490051,0.0,0.0,0,1,9,65.67624521,0,12.563821184259725
91055825,1,0.0,1,17.85955625,0.0,0.0,0.0,2.937019748,0.0,0.0,0.0,1.3573055239055833,0.4909067447852082,3.452226287064255,0.0,0.0,0.0,1.0,219317.0015,0.0,-0.07205018683090286,0.001512908510869989,0.0,0.0447755920130072,0.0,0.0,0.0,0.0,0.8762784566740938,0.0,0.0,20,6,6,62.98938772,0,12.298278017220404
91497993,1,0.0,1,292.8141033,0.0,0.0,0.0,5.682947266,0.0,0.0,0.0,0.0,0.0,1.6663947425066699,0.0,0.0,0.0,1.0,20264.20431,0.0,0.4391365156775391,0.002321417527423655,0.0,6.226717754028473,0.0,0.0,0.0,0.0,0.9015258981770704,0.0,0.0,20,2,8,61.30669916,0,9.916660620926217
91772155,1,0.0,1,1504.498816,0.0,0.0,0.0,7.316879562,0.0,0.0,0.0,3.761648692461546,1.8369681458208549,2.917913171309519,0.0,0.0,0.0,1.0,360853.846,0.0,-0.24092392731786882,-0.05851209162528163,0.04303314899918544,0.34027494288594456,0.0,0.0,0.0,0.0,0.892100544199765,0.0,0.0,23,5,7,66.49997358,0,12.796231067813045
92588540,2,4.111124704,0,5.551144615,0.0,0.0,0.0,1.879639785,0.0,0.0,0.0,0.0,0.0,0.0,0.0,0.0,0.0,1.0,2444.541453,0.0,0.0,-1.11e-13,0.0,0.0,0.0,0.0,0.0,0.815212366,0.815212366,0.0,0.0,15,4,8,3.707196734,1,7.802021830561573
93260759,1,0.0,1,758.9438448,0.0,0.0,0.0,6.633244542,0.0,0.0,0.0,40.14486335644382,20.42367961923889,134.829693897525,28.678152529086283,0.0,0.0,1.0,15878.56115,0.0,-238.94662276314753,-34.5057842287636,41.925510328868725,0.507539474681897,0.0,0.0,0.0,0.0,0.4864070194600154,0.0,0.0,16,3,8,62.83652906,0,9.672788099028834
93408578,1,0.0,1,866.800529,0.0,0.0,0.0,6.765961883,0.0,0.0,0.0,0.0,0.0,0.0,0.0,0.0,0.0,1.0,1148.94066,0.0,-145.1399742134977,-73.91216011493891,12.077475854634816,0.0,0.0,0.0,0.0,0.0,0.29462949303855823,0.0,0.0,20,0,5,14.84462115,1,7.04746562002597
94404349,1,0.0,1,44.62916563,0.0,0.0,0.0,3.820547109,0.0,0.0,0.0,165.78286402962553,33.483625676316315,87.72951772273613,23.1585267316556,0.0,0.0,1.0,3328.494334,0.0,-70.57849703600586,-6.058473327924785,11.30526295313995,7.7869211183032405,0.0,0.0,0.0,0.0,0.1709252404025954,0.0,0.0,0,0,9,11.82923637,1,8.110575719792209
94424495,1,0.0,1,6.536042232,0.0,0.0,0.0,2.019697141,0.0,0.0,0.0,1.0169679586510454,0.3649529817219636,1.912205958504637,3.2005135715850597,0.0,0.0,1.0,7509.221711,0.0,0.03269511729601768,-0.04558738231907318,0.0512585925810692,0.0,0.0,0.0,0.0,0.0,0.42990177481776776,0.0,0.0,0,1,7,18.70687847,0,8.924020266426274
94488511,5,4.921365767,0,2.374140883,0.0,0.0,0.0,1.216140739,0.0,0.0,0.0,0.0,0.0,0.0,0.0,0.0,0.0,1.0,209573.7267,0.0,0.0,3.12e-11,0.0,0.0,0.0,-5.29e-12,0.0,-0.999989887,0.999989887,0.0,0.0,16,0,9,64.78250936,0,12.252835645437452
95839532,1,0.0,1,42.28722321,0.0,0.0,0.0,3.767857516,0.0,0.0,0.0,0.0,0.0,0.0,0.0,0.0,0.0,1.0,5639.409208,0.0,-0.7170053879191147,0.019962923946408837,0.01977201114472729,0.0,0.0,0.0,0.0,0.0,0.6359701327666287,0.0,0.0,23,1,8,66.09454981,0,8.637711896470075
96270286,1,0.0,1,3403.021842,0.0,0.0,0.0,8.132712906,0.0,0.0,0.0,10.44009024284104,3.605836453710109,31.192513815492227,0.3333782273490352,0.0,0.0,1.0,196116.7787,0.0,-0.24092392731786882,-0.1778401505393265,0.041061095158192534,0.3719803143605144,0.0,0.0,0.0,0.0,0.9937551286784199,0.0,0.0,20,1,7,65.01258682,0,12.186470669472188
96372213,1,0.0,1,169.688297,0.0,0.0,0.0,5.139839069,0.0,0.0,0.0,0.10658506618519335,0.0,7.780561049821646,0.0,0.0,0.0,1.0,325976.7111,0.0,22.995916692407768,0.022937831048688816,0.0,22.335564700313864,0.0,0.0,0.0,0.0,0.843386511460531,0.0,0.0,21,0,6,43.1098302,0,12.694584287152555
97075632,1,0.0,1,51.29519503,0.0,0.0,0.0,3.956904494,0.0,0.0,0.0,19.414618322185625,5.21611131747046,53.33990322998875,25.20614839421677,0.0,0.0,1.0,280232.1929,0.0,-100.6504262032657,-7.994983090984184,28.134145251367045,0.06722775842185287,0.0,0.0,0.0,0.0,0.8052960946591212,0.0,0.0,17,6,6,66.34062444,0,12.543377367325142
97362560,2,1.12710234,0,1.176990631,0.0,0.0,0.0,0.777943479,0.0,0.0,0.0,0.0,0.0,0.0,0.0,0.0,0.0,1.0,4544.949069,0.0,0.0,-1.21e-12,0.0,0.0,0.0,0.0,0.0,-0.277779432,0.277779432,0.0,0.0,18,1,7,5.694898474,1,8.421991800874146
97805715,2,3.710652745,0,71.94693013,0.0,0.0,0.0,4.289732192,0.0,0.0,0.0,0.0,0.0,0.0,0.0,0.0,0.0,1.0,6031.675383,0.0,0.0,0.0,0.0,0.0,0.0,0.0,0.0,0.694608774,0.694608774,0.0,0.0,18,1,9,44.0112531,0,8.70494587009771
99071478,1,0.0,1,20.22365921,0.0,0.0,0.0,3.05511656,0.0,0.0,0.0,13.819392876401672,3.7093155840783036,47.51739891615466,0.0,0.0,0.0,1.0,4673.854411,0.0,-28.887530441434446,-3.574159131170999,5.580478808120444,2.491342373201636,0.0,0.0,0.0,0.0,0.5508292002537476,0.0,0.0,15,0,8,22.97578308,1,8.449953299205779
99339733,1,0.0,1,902.231688,0.0,0.0,0.0,6.805979096,0.0,0.0,0.0,3.0040795115803522,1.6341333044828192,6.217836980796481,0.5699725549479977,0.0,0.0,1.0,319890.1356,0.0,-0.24092392731786882,-0.05851209162528163,0.04303314899918544,0.3719803143605144,0.0,0.0,0.0,0.0,0.942259390887743,0.0,0.0,21,1,7,0.617344474,0,12.675736015644336
